Date,Close,High,Low,Open,Volume,SMA_50
2024-01-02,68.87033081054688,68.87952897367438,66.62645610514238,66.81038428697875,7829088,
2024-01-03,67.95990753173828,69.0634485325101,67.70241509930104,68.87032920818216,3692464,
2024-01-04,68.97148895263672,69.14621896981572,67.8679479358516,67.95990851789324,8593039,
2024-01-08,68.7415771484375,69.43129196932483,68.05186232755017,68.97148208873328,4558612,
2024-01-09,68.66801452636719,69.14622079140995,68.208204587903,68.74158580039574,7261794,
2024-01-10,67.45410919189453,68.78756207728432,67.45410919189453,68.66800701602816,4250096,
2024-01-11,67.87713623046875,68.04266807764492,67.46331012059952,67.45411195793908,4305633,
2024-01-14,68.19901275634766,68.41971956007556,67.69321902265578,67.87714018973858,2567187,
2024-01-15,69.52325439453125,69.93708750777463,68.55765782924766,68.19900667412202,11744413,
2024-01-16,70.34172058105469,70.36011690715186,69.16460829197148,69.52325947329706,12666959,
2024-01-17,69.05425262451172,70.53484117551601,69.05425262451172,70.3417218448819,8413289,
2024-01-18,69.2841567993164,69.88191111080872,69.0910374708914,69.05425183459957,5430478,
2024-01-21,68.87952423095703,69.40370723484813,68.60363548527023,69.2841521708508,2432916,
2024-01-22,70.81072235107422,70.87509545438407,68.97148280948788,68.87952223563697,11887998,
2024-01-23,70.81072235107422,71.62918338578878,69.88190441805334,70.81072235107422,14294709,
2024-01-24,69.5140609741211,71.04063329024241,69.4864735012514,70.81072832813807,9713279,
2024-01-28,71.17857360839844,71.17857360839844,69.76235828072544,69.51405700678401,4787336,
2024-01-29,77.2480697631836,77.2480697631836,71.2705405553182,71.17857997073347,16961134,
2024-01-30,81.8461685180664,82.30597845356115,75.96059994050498,77.24806916311886,13411406,
2024-01-31,81.01850128173828,87.80529975407894,79.08730114537045,81.84616048765082,16464997,
2024-02-01,78.16767883300781,80.87136314604432,75.8686294555664,81.01849865780677,5852000,
2024-02-04,74.61795043945312,78.6182951892101,73.56958442272074,78.16768344914078,3955284,
2024-02-05,71.63838195800781,74.93981358630143,70.902683330706,74.61794806791018,6989044,
2024-02-06,68.07025146484375,72.18095290959884,67.62883790962313,71.63838061961059,14644325,
2024-02-07,71.36249542236328,73.56038619371577,68.60363600900278,68.0702548385456,10933619,
2024-02-08,74.02020263671875,74.71911571438254,71.36250172829246,71.36250172829246,5367361,
2024-02-11,73.15576171875,74.02939776793943,71.7487374576753,74.02019960493901,1627698,
2024-02-12,76.43880462646484,77.70787749645356,72.4200633472866,73.15576203536689,8148719,
2024-02-13,74.54438018798828,76.3192467170424,73.58797473550986,76.4388017836912,20458552,
2024-02-14,75.39962768554688,75.77667518253698,74.05698357945253,74.5443809654017,3307297,
2024-02-15,74.48920440673828,75.63872916610153,74.30528325169709,75.39962605163412,3992792,
2024-02-18,74.48920440673828,74.48920440673828,74.48920440673828,74.48920440673828,0,
2024-02-19,75.8686294555664,76.69628863467369,74.76508856085128,74.79267603079788,7408735,
2024-02-20,74.48920440673828,75.86863411797417,74.25929945486563,75.86863411797417,12048282,
2024-02-21,74.04778289794922,75.22490213056567,73.6339567961439,74.48920348719817,3429273,
2024-02-22,74.4432144165039,74.75588877343137,73.84546720427927,74.04777765153615,4694156,
2024-02-25,67.13224792480469,69.89110742856379,65.29300825563195,74.44322280330927,8536316,
2024-02-26,68.51167297363281,70.8107224022782,66.77359216686826,67.13224331644557,10907584,
2024-02-27,68.77836608886719,69.06344598338005,67.31616694986457,68.51167550335998,7884354,
2024-02-28,68.04267120361328,69.89110907930971,67.78517876643023,68.77836989511573,4650211,
2024-02-29,67.22420501708984,68.96228585298591,66.9023394949132,68.04266606611425,5228341,
2024-03-03,65.53211212158203,66.6724387649032,64.37338915232033,67.22420926869457,2639597,
2024-03-04,68.5208740234375,69.79914499834119,65.53210964024757,65.53210964024757,7663435,
2024-03-05,69.89110565185547,69.89110565185547,67.50929370857347,68.52087409767448,18186916,
2024-03-06,69.70718383789062,76.78825351088014,69.15540634346148,69.89110499193882,20376648,
2024-03-07,76.32844543457031,76.55835039069854,70.07502782142565,69.70718550453445,19580992,
2024-03-10,81.5242919921875,82.21400680258478,78.16767851169233,76.32843901729957,5472280,
2024-03-11,88.7433090209961,89.66292880359708,81.61625570583837,81.5242951308067,17687772,
2024-03-12,86.4534683227539,87.36389005459225,83.23479868916367,88.74331989755949,15728799,
2024-03-13,80.5586929321289,86.44426104478987,79.10569196686362,86.45345920729318,6440290,72.56885452270508
2024-03-14,82.76577758789062,84.4210959461052,78.2044644649839,80.5586887823185,8260973,72.84676345825196
2024-03-17,84.28315734863281,85.70856385051724,83.68540306635892,82.76578325244289,1897965,73.17322845458985
2024-03-18,81.3863525390625,84.60502184851696,81.23001885647743,84.28315632079996,7207722,73.42152572631836
2024-03-19,78.44356536865234,81.34036189021631,78.1676766446264,81.38634568293453,5596448,73.61556549072266
2024-03-20,78.34241485595703,79.82300333018861,77.8917960917005,78.44357359763563,3295782,73.80905349731445
2024-03-21,77.98375701904297,79.08729790427378,77.9377732254326,78.34240815755008,3976565,74.01964645385742
2024-03-24,77.98375701904297,78.76543239742661,77.91938391767354,77.98375701904297,1181260,74.2217788696289
2024-03-25,78.16767883300781,78.42517124069855,77.26644838994834,77.98375768926925,2820384,74.42115219116211
2024-03-26,77.1561050415039,79.17006769565005,77.1561050415039,78.16768544998105,2766170,74.57380920410156
2024-03-27,75.88702392578125,77.14690559613506,74.44322109917745,77.15610375879027,5230440,74.6847152709961
2024-03-28,73.56958770751953,76.23648666514565,73.56958770751953,75.88702663320365,2901299,74.77502197265625
2024-03-31,70.79234313964844,74.25010891937866,68.97149264667331,73.56959215645153,2049514,74.8051856994629
2024-04-01,75.40882110595703,75.40882110595703,70.95786478891458,70.79233294974362,1822757,74.9357716369629
2024-04-02,73.56958770751953,75.86863732337952,73.56958770751953,75.40882740020753,5246216,74.9909489440918
2024-04-03,73.74430847167969,74.48000004677094,72.88906184123157,73.56957847762996,4091809,75.04962066650391
2024-04-04,74.71910858154297,75.40882342998798,73.75350498726304,73.7443138409062,4463617,75.15372161865234
2024-04-07,73.56958770751953,75.68471616056777,73.50521459892116,74.71911251544952,1572635,75.20154190063477
2024-04-08,73.62476348876953,75.04097891015033,73.57878670561607,73.5695885425283,2626587,75.12907577514649
2024-04-15,75.88702392578125,77.24806433691526,73.8454738332938,73.62476002642296,6383043,75.00989288330078
2024-04-16,75.40882110595703,76.77905259811867,75.40882110595703,75.88702029903865,2317878,74.89769927978516
2024-04-17,75.50077819824219,76.32843735593245,75.16052338951631,75.40881762875254,1963927,74.84436126708984
2024-04-18,73.56958770751953,77.43198825570725,73.56958770751953,75.5007879816134,5179465,74.82339401245117
2024-04-21,74.62715148925781,75.50078753162059,74.30528594818429,73.56958726903689,979731,74.88316940307617
2024-04-22,75.08981323242188,76.3389953812784,75.08981323242188,75.08981323242188,7381776,75.02356063842774
2024-04-23,71.74014282226562,75.41366867112536,71.6198536222973,75.08980770225705,6288227,75.03111358642577
2024-04-24,68.65882873535156,72.54518192731734,68.38123661712281,71.7401499592092,3359691,74.92388610839843
2024-04-28,68.65882873535156,68.65882873535156,68.65882873535156,68.65882873535156,0,74.83394744873047
2024-04-29,69.39908599853516,69.39908599853516,65.51274000647322,65.39244373923944,4266090,74.69315307617188
2024-04-30,66.53059387207031,70.13934786528564,66.16046399026663,69.39908810167829,4730666,74.53287734985352
2024-05-02,67.75201416015625,69.39908463938869,67.4929253737116,67.55769757032276,2545410,74.3799250793457
2024-05-07,71.22196960449219,71.22196960449219,67.36338212717348,67.75201531345591,2874490,74.31458038330078
2024-05-08,67.65023040771484,71.24972914658268,67.31711422615442,71.22197064139267,5455850,74.17780090332032
2024-05-09,67.84454345703125,69.22326993330171,67.52993766847067,67.65022687121916,2902234,74.01731918334961
2024-05-12,67.3633804321289,68.84389281378934,67.27084267231771,67.84454430880358,1281656,73.87480270385743
2024-05-13,68.68659210205078,69.3990862816339,67.73350538701864,67.36338257456202,4173956,73.76757888793945
2024-05-14,69.39908599853516,70.00054615578381,68.7421088315725,68.6865918218585,2245231,73.66669631958008
2024-05-15,68.9364242553711,69.83398688192973,67.91857242326006,69.39908482084338,2437246,73.7027798461914
2024-05-16,69.50086975097656,70.55573526092611,68.93642330411797,68.93642330411797,3885387,73.72256378173829
2024-05-19,70.2966537475586,70.69454215191008,69.21402962163964,69.50087693885561,2355791,73.75292953491211
2024-05-20,70.58348846435547,71.79565677905177,70.29664119834688,70.29664119834688,3298833,73.80374588012695
2024-05-21,70.70378875732422,71.52732397292394,70.50946511351776,70.58349249595453,2184197,73.87333755493164
2024-05-22,70.77781677246094,71.20346367827327,69.44535904198248,70.70379644161918,3092806,73.97825164794922
2024-05-23,70.32440948486328,71.48106095665379,70.32440948486328,70.77781488510587,3491049,74.01432235717773
2024-05-26,70.32440948486328,70.32440948486328,70.32440948486328,70.32440948486328,0,74.0229884338379
2024-05-27,70.78706359863281,71.7123846914254,70.648264022786,71.2497241450291,284386,74.04458602905274
2024-05-28,70.98138427734375,72.36011080847278,69.49161666720107,70.78706768379993,3345349,73.9376448059082
2024-05-29,70.83333587646484,71.69388481644583,70.61125372059618,70.98138358740393,1745632,73.72382568359374
2024-05-30,72.36011505126953,72.36011505126953,67.55770282149385,70.83334071824079,17254438,73.39616180419922
2024-06-02,71.86968994140625,72.36010900713786,71.4532982598409,72.36010900713786,2284626,73.10448623657227
2024-06-03,70.80557250976562,72.17505094156523,70.32440860973023,71.8696932624988,3284562,72.909423828125
2024-06-04,70.41693115234375,72.17504257573177,70.37066933519424,70.80556430266884,4567061,72.66244689941406
2024-06-05,70.00980377197266,71.47180586905263,69.88950750056685,70.41694029006212,2587885,72.37697982788086
2024-06-06,69.51937103271484,70.32440292344029,68.96417978998403,70.00979714109405,3150247,72.1396401977539
2024-06-09,67.56694793701172,69.82473382449344,67.56694793701172,69.5193761476507,2206460,71.92210784912109
2024-06-10,68.1961669921875,68.9271715592178,67.54844500096584,67.56694831801208,2590744,71.7191828918457
2024-06-11,68.02035522460938,69.29729578587501,67.83528677103777,68.19616143095283,2439613,71.51991485595703
2024-06-12,68.47376251220703,69.85248899690231,68.10363265426713,68.02035714254157,1929380,71.32971496582032
2024-06-13,68.47376251220703,69.76921348517675,68.47376251220703,68.47376251220703,5332587,71.1358366394043
2024-06-23,69.0937271118164,69.66742875412784,68.76061094010525,68.47376364876952,1807202,70.97458908081055
2024-06-24,68.95492553710938,69.99128771465796,68.77911932797257,69.09372511458352,3251041,70.83594711303711
2024-06-25,69.16775512695312,69.93577336648909,68.8438941402934,68.95492815878242,4300495,70.74791046142577
2024-06-26,70.27813720703125,70.32440608752378,69.12148579111803,69.16775467161055,4238191,70.73762634277344
2024-06-27,71.61985778808594,71.71238849033901,70.10233168028739,70.2781378966762,5901346,70.66184707641601
2024-07-02,71.3700180053711,72.91530969655298,71.26823211374713,72.19355326695394,3079446,70.61785568237305
2024-07-03,71.94371795654297,72.17504823936143,71.37001631368278,71.37001631368278,4037569,70.58184387207031
2024-07-04,74.02569580078125,74.02569580078125,71.48106250762939,71.94372310638427,5062717,70.56797561645507
2024-07-07,74.94175720214844,75.6820169385008,73.56303067932322,74.02569124963344,1996731,70.59541900634765
2024-07-08,73.93315887451172,75.76529073808354,73.56302901471098,74.94175550633784,2808169,70.6015869140625
2024-07-09,72.82276916503906,74.30328860159761,72.63770776528918,73.93315874245798,3163648,70.54030181884765
2024-07-10,73.1003646850586,74.02568575702136,72.63770414907721,72.82276553961395,3201469,70.4941326904297
2024-07-14,72.89679718017578,73.5630295204696,72.39712292495543,73.10036895744777,641337,70.44205307006835
2024-07-15,72.63771057128906,73.09111595993927,72.08251929095246,72.89679936480347,2278134,70.42341552734375
2024-07-16,71.81417846679688,72.82277518013065,71.78641996050555,72.63771376509487,3669454,70.36715606689454
2024-07-17,72.1843032836914,72.82277006244432,71.75865641130947,71.8141734199906,2832077,70.30904586791992
2024-07-18,71.91595458984375,72.73023458884015,71.89744421507139,72.184298546927,2709937,70.31256210327149
2024-07-21,72.63771057128906,73.33170143661985,71.83267862603489,71.91596120088747,1889533,70.39213973999023
2024-07-22,74.58088684082031,74.95101673042953,73.11887765966613,72.63771374492245,4068732,70.5105809020996
2024-07-23,75.13607025146484,75.63574449099443,74.11821845670741,74.58087900520076,5721726,70.6253205871582
2024-07-24,75.27487182617188,76.15393112742841,75.13607224601138,75.13607224601138,3570213,70.80020614624023
2024-07-28,75.87633514404297,75.87633514404297,74.95101398374976,75.27487497792436,1372808,70.96269256591796
2024-07-29,75.87633514404297,76.61659489613362,75.50620526799766,75.87633514404297,2727209,71.05577987670898
2024-07-30,76.07064819335938,76.32973697661768,75.54321543897214,75.87633160591564,4327784,71.22418823242188
2024-07-31,77.06999969482422,77.23655778478073,75.9688652634651,76.07065115508519,4962602,71.40869735717773
2024-08-01,77.26431274414062,77.81950399863763,77.09775466182754,77.06999615804867,6079247,71.60671600341797
2024-08-04,76.80165100097656,76.80165100097656,75.2563664643066,77.26431154917522,1870053,71.76901718139648
2024-08-05,75.87633514404297,76.80165630433618,74.19225091469494,76.80165630433618,5095856,71.89856216430664
2024-08-06,76.07991027832031,76.52406050141656,75.41367788403544,75.87633848455098,2682881,72.04143188476563
2024-08-07,76.2372055053711,76.52405278969871,75.78380013925717,76.07990261136175,3950872,72.17615859985352
2024-08-08,76.1539306640625,77.07925177998239,75.87633150543058,76.23720617586815,1340279,72.2933041381836
2024-08-11,76.85717010498047,77.07925225711666,75.87633197511857,76.15393113546888,629991,72.41877777099609
2024-08-12,78.12486267089844,78.46723402776321,76.89418388341038,76.85717019134607,3720441,72.56719924926757
2024-08-13,76.82941436767578,78.09710689145612,76.53331188047076,78.12486539656281,4226598,72.68823120117187
2024-08-14,77.72697448730469,77.81950518786158,76.80165336245582,76.8294118666589,4618142,72.83628250122071
2024-08-15,78.65229797363281,78.65229797363281,77.72697682100184,77.72697682100184,4159609,73.00284027099609
2024-08-18,78.46723175048828,78.65229314579898,77.76398574095613,78.65229314579898,484281,73.15644363403321
2024-08-19,77.7454833984375,78.37470209100142,77.7454833984375,78.46723985785765,2250890,73.29172561645508
2024-08-20,79.93849182128906,80.03102252232097,77.64369937328185,77.74547820266898,3456356,73.47382873535156
2024-08-21,80.50293731689453,80.50293731689453,79.67940208612508,79.93849086978649,2988247,73.63668518066406
2024-08-22,82.15926361083984,82.15926361083984,79.59612013885378,80.5029379484224,5197510,73.84247665405273
2024-08-25,81.26170349121094,82.15926614045718,81.15066241122042,82.15926614045718,973477,74.05159927368165
2024-08-26,81.41900634765625,81.7706329042764,80.59547108553036,81.261703445821,3317253,74.27164077758789
2024-08-27,81.56705474853516,83.00129818911829,80.87306393738989,81.41899998686382,4274291,74.50278579711915
2024-08-28,81.89092254638672,82.34432793745842,81.52079267097218,81.56706155276407,1847841,74.75021682739258
2024-08-29,80.57697296142578,82.24254690984905,80.57697296142578,81.89092739020917,8097751,75.01041732788086
2024-09-01,80.0772933959961,81.37274442161,79.78119090953922,80.5769676655746,1183455,75.24803985595703
2024-09-02,79.70716094970703,81.14141151383977,79.6146302493591,80.0772908107387,2600028,75.48177597045898
2024-09-03,80.43816375732422,80.43816375732422,79.02242359943237,79.70715923887788,3368562,75.72106399536133
2024-09-04,80.50293731689453,80.93783937217187,79.57761619830954,80.43816512097918,2202135,75.96164749145508
2024-09-05,80.8730697631836,80.96560046607394,80.22534072367094,80.50293989198208,2427970,76.19723434448242
2024-09-08,78.75408172607422,80.9655986560218,78.65229583727832,80.87306795520004,2262801,76.39321746826172
2024-09-09,79.11495208740234,79.45732342737948,78.46723015732623,78.75407743212571,3895240,76.5921614074707
2024-09-10,79.11495208740234,79.52209562038709,78.65229154887953,79.11495208740234,2706009,76.76889770507813
2024-09-11,79.02243041992188,79.48509101130358,78.37470135620327,79.11496112627015,1997603,76.91694915771484
2024-09-12,79.85521697998047,80.04027838360099,78.47648340233947,79.02242654440806,3228570,77.08665313720704
2024-09-16,79.07794952392578,80.56771723236007,78.97616362635769,79.85522300902393,1905046,77.22933776855469
2024-09-17,78.65229797363281,79.48508842292871,78.65229797363281,79.07794485668624,3443754,77.32186981201171
2024-09-18,78.88362121582031,79.30001287345564,78.65229094832524,78.65229094832524,2126266,77.40070709228516
2024-09-19,80.31787872314453,80.31787872314453,78.66155301585262,78.88362811537262,5133397,77.52840148925782
2024-09-22,79.07794952392578,80.56771723236007,78.80960552666812,80.317883612646,3642487,77.65350509643555
2024-09-23,79.1612319946289,80.04028431644463,79.11496311047416,79.07794941507848,3548758,77.77472244262695
2024-09-24,79.02243041992188,79.53135283465753,78.70781754676933,78.9854167254545,2352733,77.89723510742188
2024-09-25,78.98541259765625,78.9946677856995,78.189635857296,78.65229642449893,3714027,78.02418914794922
2024-09-26,79.02243041992188,79.53135283465753,78.70781754676933,78.9854167254545,2352733,78.16835418701172
2024-09-29,78.65229797363281,79.25375813477098,78.65229797363281,79.02242784661323,1288113,78.29771408081055
2024-09-30,78.18963623046875,79.57761793870192,78.18963623046875,78.6522967998798,4921101,78.42318771362305
2024-10-01,79.90147399902344,79.98475656739544,71.54582576017097,78.18963140967446,9083433,78.56846298217773
2024-10-02,79.19822692871094,79.80894222304467,78.5782635066251,79.90147291804205,2067488,78.66080978393555
2024-10-03,78.65229797363281,79.50359173973968,78.65229797363281,79.19823406505782,1763671,78.73113433837891
2024-10-07,78.65229797363281,79.46657804647762,78.32843698214,78.65229797363281,3896928,78.79868286132813
2024-10-08,77.26431274414062,78.9206383794652,76.13541985953417,78.65229441020303,5165665,78.82644241333008
2024-10-09,76.33899688720703,77.72697864879262,75.51546160677081,77.26431806159742,2775226,78.83569564819337
2024-10-10,74.96026611328125,76.75538429044454,74.96026611328125,76.33899260915963,4719444,78.8134880065918
2024-10-13,74.02569580078125,75.85783487809239,73.10962979194592,74.96027218696544,2708902,78.75260192871093
2024-10-14,74.74744415283203,74.85848523644029,73.35020718756643,74.02569475847932,2121411,78.70226455688477
2024-10-15,73.97942352294922,75.04354426319277,73.39647373673378,74.74744177596016,5262020,78.64582000732422
2024-10-16,73.6648178100586,74.95101365240896,73.60930079977129,73.9794236145402,3697700,78.60158966064454
2024-10-17,73.1003646850586,74.16448532974368,73.1003646850586,73.66481110372705,1659445,78.54199874877929
2024-10-20,70.79632568359375,73.35020706557268,70.79632568359375,73.10037345242009,1365111,78.43318115234375
2024-10-21,73.56303405761719,73.56303405761719,70.3244099167158,70.79632569680359,2313918,78.38136322021484
2024-10-22,73.37796783447266,74.02568979633462,72.63770811265334,73.56302923510752,3558344,78.31177917480468
2024-10-23,72.78575897216797,74.01643063361678,72.73023490724731,73.37796389396516,1675650,78.20499710083008
2024-10-24,73.00784301757812,73.56303431748009,72.54518242438643,72.78576790954543,2149992,78.12856567382812
2024-10-27,74.85848236083984,75.13607446973654,73.04485375608236,73.0078400629681,2252558,78.07119583129882
2024-10-28,74.8492202758789,75.59872807837083,74.02568509397955,74.8584754632147,10426951,77.99513427734375
2024-10-29,74.00718688964844,75.13607273519175,73.74809104383003,74.84922544472845,2723678,77.90593338012695
2024-10-30,73.78510284423828,74.62714843736816,73.56302775601361,74.00718499210274,3502332,77.82672576904297
2024-10-31,74.02569580078125,75.0435477061139,73.78511031272937,73.78511031272937,5291366,77.70846984863282
2024-11-03,74.96026611328125,75.2748719063161,74.33104746757168,74.02568980282146,1301130,77.59761642456054
2024-11-04,74.21075439453125,75.8763353105706,74.11822369022688,74.96026933656906,5535976,77.43864624023438
2024-11-05,74.67341613769531,75.0435460203126,74.39582402046258,74.21075554933378,2900789,77.30688049316406
2024-11-06,74.95101165771484,75.50620292473289,74.68266768240079,74.67341249438583,1500449,77.17752059936524
2024-11-07,74.96026611328125,75.42292667454889,74.81221134504845,74.95101092535673,3772063,77.04538482666015
2024-11-10,75.97811889648438,76.10766329050553,74.99728075328424,74.9602670607582,1848763,76.9271287536621
2024-11-11,76.3019790649414,76.8016533192354,75.87633219490726,75.97811808335454,4228778,76.84162887573243
2024-11-12,75.92259979248047,76.58882506064518,75.839317221685,76.30197777603371,1724733,76.7585350036621
2024-11-13,76.33899688720703,76.78315415715616,75.95961181707963,75.92260518258749,2571832,76.69117172241211
2024-11-14,76.45003509521484,77.07925375252839,76.33899401699244,76.33899401699244,2624095,76.61140914916992
2024-11-17,75.61724090576172,76.74613376960397,75.60798571812572,76.45003130200925,690506,76.51369522094727
2024-11-18,74.96951293945312,75.9873718042751,74.96026481132914,75.61724194976163,1084366,76.39562408447266
2024-11-19,74.21075439453125,75.41367472940857,74.21075439453125,74.96951746525134,962925,76.3047575378418
2024-11-20,74.02569580078125,74.4791012108617,73.5722903907008,74.21075721642701,2751266,76.20297241210938
2024-11-21,73.8498764038086,74.48835023634777,73.8498764038086,74.02568967587356,2179682,76.0976708984375
2024-11-24,73.88688659667969,74.25701643945848,73.84987290643785,73.84987290643785,1680272,75.99496002197266
2024-11-25,73.33170318603516,74.48835465584644,73.33170318603516,73.88689447961652,6946766,75.86448974609375
2024-11-26,74.02569580078125,74.02569580078125,73.36871859770618,73.33170490264892,1231100,75.76344467163086
2024-11-27,72.73023986816406,74.0256908703227,72.73023986816406,74.0256908703227,2197863,75.64500350952149
2024-11-28,75.3211441040039,75.3211441040039,72.52667023745957,72.73024202292653,2360058,75.57375396728516
2024-12-01,75.17308807373047,75.3026324696567,74.40507688635068,75.32114284601194,1593370,75.47085815429688
2024-12-02,75.4044189453125,75.8763347110684,74.76595214890882,75.17308865655924,4394590,75.39738754272462
2024-12-03,76.2001953125,76.33899489696796,74.96951648833222,75.40441855849978,7070349,75.33816680908203
2024-12-04,76.1539306640625,76.43152276305455,75.87633150543058,76.20019248407458,1661313,75.28079681396484
2024-12-05,75.87633514404297,76.74613929380345,75.87633514404297,76.15393431598702,3518496,75.21861526489258
2024-12-08,76.06139373779297,76.70912276181483,75.88558752439785,75.87633233643813,712486,75.15939453125
2024-12-09,75.87633514404297,76.43152642829085,75.87633514404297,76.06139655224554,2292861,75.10387527465821
2024-12-10,74.76594543457031,76.32973324555141,74.76594543457031,75.87632789701225,951351,75.03540145874024
2024-12-11,75.86707305908203,76.31123028188856,74.95100717036553,74.76594577898588,2058924,74.9547134399414
2024-12-12,76.79240417480469,77.00523115639108,75.78380745853829,75.86708297765439,3788611,74.90659698486328
2024-12-15,77.25505828857422,77.44937487650796,76.4315230570094,76.79239772883489,1254864,74.8786521911621
2024-12-16,77.44937133789062,77.55115722115393,77.07924855472176,77.2550547588351,3952970,74.85459365844727
2024-12-17,75.90409088134766,77.44937546837244,75.90409088134766,77.44937546837244,1252397,74.82738922119141
2024-12-18,76.8941879272461,77.72697839338903,76.15393522595038,75.90409455628735,2568768,74.8384930419922
2024-12-19,77.71772003173828,77.71772003173828,75.89483626906548,76.89418478763331,8850138,74.89364212036133
2024-12-22,77.29207611083984,77.72697818977747,76.84792590315395,77.71772300138895,1234435,74.9589697265625
2024-12-23,76.4315185546875,77.4308669991698,76.4315185546875,77.29206742749622,3239666,74.9926512145996
2024-12-24,75.36740112304688,76.98671305560771,75.13607084696676,76.43152180494339,3141753,75.02041076660156
2024-12-25,75.5062026977539,75.96886326215147,75.145328022295,75.36740311650665,483564,75.05723846435546
2024-12-26,74.8492202758789,75.87632722132903,74.82146177351098,75.50619738393124,1506317,75.09221557617188
2024-12-29,73.14664459228516,75.40442354776961,73.14664459228516,74.84923223280263,1141730,75.1392219543457
2024-12-30,72.73949432373047,74.02569012487905,72.63770843503757,73.14663787850209,2660471,75.12275115966797
2024-12-31,72.63771057128906,73.64630724027587,72.55443505607664,72.73949646297545,2586038,75.10794601440429
2025-01-02,73.20215606689453,73.55377555918479,72.7394954961568,72.6377096058233,839510,75.11627395629883
2025-01-05,73.12812805175781,73.56303011404994,73.10036954729492,73.20215543675222,778429,75.11867965698242
2025-01-06,72.9615707397461,73.47050019243434,72.6932267610232,73.12812882793133,988286,75.08074142456054
2025-01-08,73.19290161132812,73.83137546442114,72.54517962966864,72.96157132364401,2704606,75.04761505126953
2025-01-09,71.71238708496094,73.794359613234,71.71238708496094,73.19289947091602,575703,75.00171905517578
2025-01-12,70.56499481201172,71.88820437520636,70.35216783543007,71.71239109279718,1885655,74.93731689453125
2025-01-13,68.1961669921875,71.50881845504168,68.1961669921875,70.56499397359865,5257592,74.82072631835938
2025-01-14,69.39908599853516,70.25963494730259,67.54844370524089,68.19616568403784,2176304,74.70950271606445
2025-01-15,69.86174774169922,70.40768383873554,68.9364265795575,69.39908716062837,2135244,74.62252258300781
2025-01-16,70.60200500488281,71.15719627065621,69.86174527742497,69.86174527742497,2139146,74.54109436035156
2025-01-19,70.70378875732422,71.23122150281662,69.86174316629544,69.86174316629544,2540348,74.45614990234375
2025-01-20,70.14859771728516,71.24973220129928,70.10233589319847,70.76856828488297,1840382,74.35991653442383
2025-01-21,70.69453430175781,70.96287827114038,70.2318737461961,70.14859117518228,689211,74.2542448425293
2025-01-22,70.46321105957031,71.71239327238702,70.46321105957031,70.69454136044898,1734049,74.13746948242188
2025-01-23,70.77781677246094,71.37002177703815,70.2411358405657,70.46321095237202,1107234,74.03457382202149
2025-01-26,71.36077117919922,72.17505126741234,70.77781432386958,70.77781432386958,1257177,73.93500930786132
2025-01-27,70.78706359863281,71.85118426727222,70.648264022786,71.36076521763451,1084701,73.82174987792969
2025-01-28,70.64826965332031,71.3145020227708,70.23187795223389,70.7870692402292,2156180,73.72237045288085
2025-01-29,70.42619323730469,71.24972849540241,70.32440734611147,70.64826833643528,1495449,73.63150405883789
2025-01-30,70.50946807861328,71.71238838505737,70.45395106927096,70.42619256459979,1999292,73.55747833251954
2025-02-02,70.64826965332031,71.42554310422595,70.61125595950192,70.50947006641142,565288,73.48992980957031
2025-02-03,70.96288299560547,71.21271660600034,70.64827012586495,70.64827012586495,1860212,73.43218994140625
2025-02-04,70.84258270263672,71.71238681469978,70.7870656945101,70.9628789664309,1310213,73.37130386352538
2025-02-05,71.71238708496094,71.71238708496094,70.60200456040461,70.84258296961987,1862235,73.3389175415039
2025-02-06,72.175048828125,72.175048828125,71.24972768930289,71.71238825871394,849156,73.30190460205078
2025-02-09,71.65686798095703,72.26757623371033,70.97212528652128,72.17504553597676,298223,73.28043716430665
2025-02-10,71.2959976196289,72.73024117013227,71.26823205495788,71.65687230431067,915552,73.19993423461914
2025-02-11,71.44404602050781,71.94372029479246,71.20346054185812,71.29599830570507,1717139,73.12535339355469
2025-02-12,71.80491638183594,71.8881989523517,70.60200318035314,71.44404171542712,3368646,73.05336334228515
2025-02-13,72.1657943725586,72.17504956073996,71.268231729248,71.8049196895261,1155513,72.97267532348633
2025-02-16,72.64696502685547,73.28543181596532,71.71238869426963,72.16579407834709,675618,72.90253601074218
2025-02-17,73.74809265136719,74.02569181954652,72.69322710770986,72.6469652861067,2652116,72.85997116088868
2025-02-18,73.33170318603516,74.02569406792193,73.1003728920729,73.7480948913111,1613489,72.80537734985352
2025-02-19,73.99793243408203,74.39582080526283,73.67407144815347,73.33170008609186,2367137,72.7678092956543
2025-02-20,73.1003646850586,74.16448532974368,72.73023484434559,73.9979272544048,1891460,72.73449768066406
2025-02-23,73.78510284423828,73.83137172328665,72.91530580717506,73.100367204089,714495,72.69285827636719
2025-02-24,73.69257354736328,73.84062831542215,72.98007939008973,73.78510424758012,1897190,72.63086166381837
2025-02-25,71.80491638183594,73.69257228439578,71.74014418683025,73.69257228439578,2487313,72.5218588256836
2025-02-26,70.79632568359375,72.32310704737617,70.79632568359375,71.80492238437319,2730439,72.38879791259765
2025-02-27,70.04680633544922,71.42553989457708,70.04680633544922,70.79632124722018,5241943,72.27165222167969
2025-03-02,70.78706359863281,70.8703391083571,70.1208312822798,70.04680390054287,1048043,72.14950973510742
2025-03-03,71.35150909423828,71.89744514319895,70.69453197412851,70.7870626702663,3223736,72.02218551635742
2025-03-04,70.55573272705078,71.75865296133503,70.55573272705078,71.35150942487459,1338446,71.88745864868164
2025-03-05,71.71238708496094,71.89744848584036,70.61125268870063,70.55573568036479,1911317,71.79307601928711
2025-03-06,71.71238708496094,71.96222068211215,71.25898171105842,71.71238708496094,915731,71.71997573852539
2025-03-09,71.99923706054688,72.17505033968995,71.52732835280521,71.71238976058937,1535957,71.64983642578125
2025-03-10,72.08251190185547,72.2305596002703,71.72163725364753,71.9992293355401,3001977,71.59450225830078
2025-03-11,71.42554473876953,72.08252193489,71.08317335784461,72.08252193489,595010,71.56008026123047
2025-03-12,71.24972534179688,71.47180043109813,71.14793945510884,71.42553861146527,2051147,71.5302848815918
2025-03-13,71.2959976196289,71.6198586110561,71.17570135164155,71.24972873815067,3098373,71.50345062255859
2025-03-16,70.98138427734375,71.61985812730207,70.78706768379993,71.29599713806238,923662,71.45903518676758
2025-03-17,72.11027526855469,72.25832297695663,70.71303839862935,70.98138237097527,1804081,71.43867813110352
2025-03-18,72.175048828125,72.175048828125,71.72164344680138,72.11027663079305,1253264,71.42294769287109
2025-03-19,72.267578125,72.267578125,71.86044163238934,72.17504742484485,881742,71.40444122314453
2025-03-20,73.00784301757812,74.02569491067179,72.17505253790499,72.26758324461525,5549708,71.43035034179688
2025-03-23,75.68201446533203,75.87633105135556,73.19289841931868,73.00783702109813,2161641,71.53269073486328
2025-03-24,75.78379821777344,76.47778903101378,75.41366837211733,75.68201233372702,1777412,71.684443359375
2025-03-25,75.60798645019531,76.33899096844385,75.42292505352165,75.78379971878311,1439144,71.8086213684082
2025-03-26,75.78379821777344,76.15392806342955,74.76594643694885,75.60798495266786,1952047,71.92706237792969
2025-03-27,76.292724609375,76.292724609375,75.44143086113466,75.78380222189305,1811512,72.04087677001954
2025-04-03,73.74809265136719,76.2279536097076,73.74809265136719,76.2927258076641,1813159,72.10176284790039
2025-04-06,72.73023986816406,73.74809170570299,71.52732662730533,73.74809170570299,1164359,72.15339569091798
2025-04-07,72.31385040283203,73.56303256272383,71.57359064752715,72.7302421029159,2512404,72.18578201293946
2025-04-08,72.83108520507812,73.91754679459125,72.81202766451439,74.47984240100676,2082560,72.23313949584961
2025-04-09,72.4308090209961,73.33619122532055,71.76368605687227,72.83108279947038,1131496,72.26619934082031
2025-04-10,75.28038787841797,75.28038787841797,72.44986692715135,72.43080938712075,1824939,72.34459167480469
2025-04-13,74.81340026855469,75.0993142608215,74.05096780323974,75.28038633623528,714482,72.42511840820312
2025-04-14,73.57444763183594,75.28991700364807,73.57444763183594,74.81339854159967,915379,72.48364196777344
2025-04-15,73.19324493408203,74.03191488136488,73.19324493408203,73.57445391942268,1853016,72.53898300170898
2025-04-16,73.38384246826172,73.6506916411348,72.65953237682433,73.19323799366512,1113720,72.59647048950195
2025-04-17,74.05097198486328,74.26064128821956,73.38384899336174,73.38384899336174,2077370,72.66452453613282
2025-04-22,73.63163757324219,74.28922813136668,73.20276657854015,74.05096889134165,1130069,72.71789962768554
2025-04-23,75.75690460205078,75.75690460205078,73.45055694386966,73.63163628988295,2580365,72.81618606567383
2025-04-27,76.16670989990234,76.42403394348894,75.67113389428687,75.75690372808589,1614706,72.90527252197266
2025-04-28,76.71947479248047,76.81477703365587,75.90939483584718,76.16671161413025,4859622,72.99616104125977
2025-04-29,76.204833984375,77.01491394121618,76.204833984375,76.71947481216814,786823,73.08712036132812
2025-04-30,77.16740417480469,77.16740417480469,76.05235267146224,76.20483480480468,1895757,73.20454849243164
2025-05-04,76.91007995605469,77.4342531938046,76.71947547201562,77.16740400771191,783156,73.31386917114258
2025-05-05,77.07210540771484,77.66298369881473,76.81478134389785,76.91008359042085,2463210,73.41921295166016
2025-05-06,78.04419708251953,78.37775856861647,76.52887178663846,77.07210257002347,2314252,73.53678100585938
2025-05-07,76.24295806884766,78.33963650730293,76.24295806884766,78.04419737153657,1727286,73.60870086669922
2025-05-08,76.0999984741211,77.1959924132191,76.06187612385479,76.24295546984602,811481,73.6557389831543
2025-05-11,74.90870666503906,76.71947841730633,74.90870666503906,76.10000291375499,1762984,73.68727905273437
2025-05-12,75.71878051757812,77.19599065459151,75.48052128716272,74.90870058838468,4820875,73.7216960144043
2025-05-13,76.24295806884766,76.81477880014499,75.78549712115273,75.71878482368629,2388721,73.78454788208008
2025-05-14,77.56768035888672,77.56768035888672,76.24295951893288,76.24295951893288,2273637,73.86019943237305
2025-05-15,77.3865966796875,77.68204307566153,76.95773296479223,77.56767602517853,3089941,73.93407989501954
2025-05-18,76.89102172851562,77.66297933439434,76.43356079137959,77.38659774524265,1040763,74.03580200195313
2025-05-19,75.57583618164062,77.19599615547801,75.49005907160948,76.8910246096582,2714432,74.13139221191406
2025-05-20,76.02375793457031,76.70994573473098,75.57583665438871,75.57583665438871,4105628,74.25093124389649
2025-05-21,76.34779357910156,77.09116126528298,75.9665773302381,76.02375722268431,1941801,74.36214584350586
2025-05-22,76.14765167236328,76.71947237247333,76.08093937853536,76.34778855384707,1074737,74.45806869506836
2025-05-25,76.14765167236328,76.52886789613488,76.14765167236328,76.14765167236328,1702788,74.5699070739746
2025-05-26,76.14765167236328,76.60510532401345,76.14765167236328,76.14765167236328,1372391,74.65861236572266
2025-05-27,77.43424987792969,77.43424987792969,76.08093919435659,76.14765148802303,751472,74.77304962158203
2025-05-28,77.57720947265625,77.76781395492696,77.05303623976938,77.43425247540574,1203815,74.88460906982422
2025-05-29,78.95911407470703,78.95911407470703,77.29129932303991,77.57721333176382,7822260,75.02214111328125
2025-06-01,76.86243438720703,78.05373061989438,76.71947738506552,78.9591128482987,3527979,75.13087890625
2025-06-02,76.58605194091797,76.9767933199446,76.44309494035893,76.86243353637343,2697442,75.23760543823242
2025-06-03,77.19599151611328,77.31988369971786,76.57651605590083,76.58604846113033,1841870,75.35560531616211
2025-06-04,78.04419708251953,78.04419708251953,76.72900867829661,77.19599475883231,2247544,75.49686157226563
2025-06-10,77.10069274902344,77.9488950752762,77.10069274902344,78.04419731857857,12160562,75.596669921875
2025-06-11,78.67320251464844,78.67320251464844,77.19599234528226,77.10069010524779,3055602,75.72663299560547
2025-06-12,77.67251586914062,78.62555287366996,77.43425661800829,78.67320763233455,1796673,75.83473175048829
2025-06-15,74.33688354492188,74.81340202918419,73.41243652207777,77.6725129347581,3256853,75.86131256103516
2025-06-16,75.38522338867188,76.24295812176071,74.3368841687167,74.3368841687167,3879188,75.85537673950195
2025-06-17,76.05235290527344,76.14765514779232,74.81340193924288,75.3852226654512,2809106,75.86074783325195
2025-06-18,76.25248718261719,76.38591177178999,74.70856473078146,76.05235029885799,1377096,75.8736378479004
2025-06-19,74.92777252197266,76.24296098130584,74.92777252197266,76.25249338733522,8388452,75.85651733398437
2025-06-22,76.05235290527344,76.14765514779232,73.68881802689198,74.92776899292255,1610242,75.85170989990235
2025-06-23,75.40428924560547,76.3192038832218,75.31851213555962,76.0523546894706,1185213,75.8848338317871
2025-06-24,78.91146087646484,78.91146087646484,76.71947302447063,75.40428467593097,4003416,76.00845825195313
2025-06-25,79.95980072021484,79.95980072021484,78.15856148530251,78.91146154043386,2225538,76.16137725830077
2025-06-29,80.95095825195312,81.2940521245881,80.06463362616186,79.95979898335146,2748286,76.32377471923829
2025-06-30,80.34101867675781,81.43700536443187,80.05510468017633,80.95096174977631,5040837,76.48197891235351
2025-07-01,80.97001647949219,80.97001647949219,80.13134660097305,80.34101588837652,897061,76.595771484375
2025-07-02,80.47444152832031,81.0081398878902,79.57858447810389,80.97001753776452,1845990,76.7089923095703
2025-07-06,79.38798522949219,80.42679207225899,79.38798522949219,80.47444683082979,887454,76.82526306152344
2025-07-07,79.59764099121094,80.05510191572533,79.19736722669505,79.3879789748655,1102982,76.95335098266601
2025-07-09,80.05510711669922,80.7222301009003,79.62624337986927,79.59764616246477,1782414,77.08677627563476
2025-07-10,80.95095825195312,80.95095825195312,79.6738849991241,80.05510122106237,2025164,77.22477600097656
2025-07-13,80.16947174072266,80.94142935203378,80.06463709337238,80.95096175754607,477977,77.35553268432618
2025-07-14,82.91421508789062,82.96186984408027,79.86449974022229,80.16947127498912,4427429,77.49867889404297
2025-07-15,84.8202896118164,84.8202896118164,82.09460331900752,82.91421568795536,3027466,77.67175048828125
2025-07-16,83.84819793701172,85.75427192513925,83.48603922576655,84.82029247167486,1853892,77.81432495117187
2025-07-17,85.7542724609375,85.77333000165595,83.43839226004899,83.8481984609007,2748573,78.00531372070313
2025-07-20,85.77332305908203,86.57387058417468,84.82028613620334,85.75426551990613,1141199,78.17743209838868
2025-07-21,87.202880859375,87.202880859375,85.77332543545083,85.77332543545083,3688756,78.38328811645508
2025-07-22,86.34514617919922,87.20288088805479,86.2593763438611,87.20288088805479,1773959,78.56874893188477
2025-07-23,86.34514617919922,86.34514617919922,86.34514617919922,86.34514617919922,0,78.73476791381836
2025-07-27,90.52897644042967,90.52897644042967,87.2028795724262,87.67939804003508,2469763,79.02048828125
2025-07-28,90.44320678710938,90.53850902660264,90.01433580274754,90.52897662132486,5355639,79.30735244750977
2025-07-29,89.299560546875,90.8244255049303,89.299560546875,90.44320926541648,4828693,79.59516952514649
2025-07-30,89.87139129638672,90.52898187683184,89.29003814930516,89.2995632840411,2901714,79.87822174072265
2025-07-31,89.68077850341797,90.72911772883126,89.5854762594886,89.87139026237183,1849907,80.14697814941407
2025-08-03,89.68077850341797,89.68077850341797,89.68077850341797,89.68077850341797,0,80.38924011230469
2025-08-04,89.68077850341797,89.68077850341797,89.68077850341797,89.68077850341797,0,80.6351237487793
2025-08-05,89.68077850341797,89.68077850341797,89.68077850341797,89.68077850341797,0,80.89091888427734
2025-08-06,89.68077850341797,89.68077850341797,89.68077850341797,89.68077850341797,0,81.17301773071289
2025-08-07,89.68077850341797,89.68077850341797,89.68077850341797,89.68077850341797,0,81.44615814208984
2025-08-10,95.313232421875,97.20977401628606,94.874836274333,95.39900226176364,1100978,81.82546691894531
2025-08-11,94.35066223144533,96.1519015650853,94.16958287616986,95.31323162951117,4558835,82.18952713012695
2025-08-12,94.82717895507812,95.11309295584304,93.5024581423179,94.35066046786667,1412114,82.56311767578126
2025-08-13,95.16073608398438,95.20839083896118,94.1600516693241,94.82717461243097,1554536,82.94337936401367
2025-08-14,93.68353271484376,95.14167804794673,93.68353271484376,95.16073558718112,1200893,83.26836502075196
2025-08-17,95.30369567871094,95.30369567871094,93.58822624805616,93.68353576061084,416556,83.62289474487305
2025-08-18,94.92247772216795,96.73324936147864,94.92247772216795,95.30369395219572,5111258,83.94216201782227
2025-08-19,96.23767852783205,96.26626847418008,95.12261972259188,94.92248282706036,4961200,84.32966690063476
2025-08-20,94.83670806884766,96.36156572077589,94.44595943277191,96.23767353599555,1818139,84.69468002319336
2025-08-21,94.35066223144533,95.4943037136914,94.35066223144533,94.83671313339276,1800912,85.0377734375
2025-08-24,93.88367462158205,94.8176467870438,93.6168254314501,94.35066070431292,644805,85.35456298828124
2025-08-25,94.36972045898438,94.73187917217167,93.89320195939708,93.88367682459392,694526,85.69994354248047
2025-08-26,92.44458770751952,95.30369866754592,92.44458770751952,94.36971922132209,12828089,85.97537124633789
2025-08-27,93.38809204101562,93.4929266909598,92.06337121473383,92.44458746261311,1341819,86.2896827697754
2025-08-28,92.5684814453125,94.33160571700576,92.44458925256832,93.3880938492394,1423537,86.6543147277832
2025-08-31,91.97760009765624,93.03547171704504,91.482016800974,92.56847836611465,685120,86.98616226196289
2025-09-01,90.54804229736328,92.44458378445744,89.87138693807029,91.97759771671056,6492576,87.27607604980469
2025-09-02,91.49154663085938,91.49154663085938,90.15729345494036,90.5480420921352,1476015,87.58085723876952
2025-09-03,91.49154663085938,91.49154663085938,90.82442367844727,91.49154663085938,1682622,87.91213272094727
2025-09-07,89.68077850341797,91.72027706210596,89.68077850341797,91.49155022245644,401763,88.18470123291016
2025-09-08,91.37718200683594,91.47249152065024,89.73796452721722,89.68077736470963,4657495,88.50415908813477
2025-09-09,89.5854721069336,91.68215046057284,88.91834915925604,91.37717893147811,2713804,88.71763931274414
2025-09-10,90.42414093017578,90.729112455682,88.72773636510416,89.58547105280743,911228,88.92692611694336
2025-09-11,91.48201751708984,91.49154992278012,89.64265585800682,90.42414588942007,1182237,89.13754730224609
2025-09-14,91.9680633544922,92.44458181746884,91.4629549471121,91.48201248634948,1147803,89.37008819580078
2025-09-15,93.34043884277344,93.38808632640824,91.96806334282452,91.96806334282452,2385696,89.6174966430664
2025-09-16,92.45411682128906,94.06474432707644,92.45411682128906,93.3404414781818,3206056,89.85709014892578
2025-09-17,93.77883911132812,94.06474583908911,92.45411830741226,92.45411830741226,2204807,90.1449072265625
2025-09-18,94.33160400390624,94.4459637886409,93.20702007041284,93.77884080737158,3475911,90.43958648681641
2025-09-21,92.44458770751952,94.35066168087045,92.44458770751952,94.33160414041882,651952,90.68737609863281
2025-09-22,91.49154663085938,93.06405904279625,90.51945214718822,92.44458357493082,3985165,90.89818786621093
2025-09-23,91.21516418457033,92.015718991012,90.89113511676648,91.49154576827668,1187201,91.1191017150879
2025-09-24,94.1124038696289,94.35066311993177,91.21517051341472,91.21517051341472,1819071,91.34306549072265
2025-09-25,92.92110443115234,94.3506598839393,92.92110443115234,94.11240064180814,1348812,91.50508178710938
2025-09-28,94.73187255859376,95.30369326395856,92.92110093235958,92.92110093235958,1730868,91.72275527954102
2025-09-29,95.06543731689452,95.20839431595095,93.96944335225518,94.7318758331595,2594141,91.90897857666016
2025-09-30,96.2567367553711,96.2567367553711,94.40784265331942,95.06544050839868,4079424,92.11864685058593
2025-10-01,97.21929931640624,98.35340831935908,95.58960703777936,96.2567299806928,2296215,92.31897521972657
2025-10-02,98.4391860961914,98.54402074094996,97.20976757491842,97.21929998019505,1182515,92.5608560180664
2025-10-05,100.11653900146484,100.92661899112083,98.1818677983727,98.43919185824043,1607149,92.83628387451172
2025-10-06,99.6400146484375,100.64069906939612,98.925236945855,100.11653311682583,2250973,93.01850463867187
2025-10-07,100.06887817382812,100.54539664132254,99.1253736440957,99.64001446152103,670646,93.21101806640625
2025-10-08,100.9266128540039,100.9266128540039,99.11584122358484,100.068878158427,791052,93.44355911254883
2025-10-12,99.16349792480467,100.92661483464413,99.16349792480467,100.92661483464413,1410684,93.6294012451172
2025-10-13,99.2206802368164,100.73600553981012,99.2206802368164,99.16350034495856,3951808,93.82019927978516
2025-10-14,99.6400146484375,100.4500945904787,99.30644590368983,99.22067606950544,866329,94.01938400268554
2025-10-15,101.02191925048828,101.02191925048828,99.65907608673696,99.64001854653756,1049817,94.24620681762696
2025-10-16,100.30714416503906,101.49844041403004,100.30714416503906,101.02192191443363,2644235,94.45873413085937
2025-10-19,100.11653900146484,101.0219212361812,99.64954563980714,100.30714349158558,340521,94.66744934082031
2025-10-20,100.36431884765624,102.1179106160998,100.1355920156314,100.11653447591888,9643021,94.88112014770508
2025-10-21,99.18255615234376,101.1934647199555,99.1158438559768,100.36431994702764,1564532,94.95850662231446
2025-10-22,99.2683334350586,100.08793853283096,99.2111462730038,99.18255632752388,1967011,95.05686004638672
2025-10-23,98.99195098876952,100.06888012875145,98.16280622153714,99.268332577847,1116791,95.14015548706055
2025-10-26,100.06887817382812,100.22136757355184,98.972884244372,98.99194905488486,1283847,95.23831832885742
2025-10-27,99.84015655517578,101.2125248688279,99.163501168556,100.06888339560194,2119096,95.36145080566406
2025-10-28,100.4500961303711,100.83131236514474,99.60189382532458,99.84015306317124,1697397,95.46437881469727
2025-10-29,99.64954376220705,101.02191933272276,99.11584538304874,100.45009860203956,1336146,95.55892013549804
2025-10-30,100.5358657836914,100.5358657836914,99.11584276460508,99.64954112966412,1644957,95.64488388061524
2025-11-02,99.1158447265625,100.72647953011956,99.1158447265625,100.5358677737576,1033040,95.73046661376954
2025-11-03,101.01238250732422,101.01238250732422,98.6965024689566,99.11584104628736,2020688,95.8637010192871
2025-11-04,101.9749526977539,103.2139036296225,101.0219157566534,101.01238335133584,5012580,96.02552658081055
2025-11-05,101.87965393066406,102.4514746605972,100.54540071342332,101.97495617380372,1551534,96.17572525024414
2025-11-06,103.89056396484376,104.83406854584976,101.49843909211816,101.8796553410494,5485798,96.40464477539062
2025-11-09,106.26361846923828,106.45422294818913,104.17646525058092,103.89055853215466,1475397,96.66215530395507
2025-11-10,104.93890380859376,106.45422913629368,104.119291413491,106.26362464626312,3271970,96.9095637512207
2025-11-11,105.02467346191406,106.35892670305228,104.45285272173916,104.93890362288067,4016660,97.17050521850587
2025-11-12,105.20574951171876,106.07301663609562,104.6625187349546,105.02467016243236,3162749,97.46365936279297
2025-11-13,103.40451049804688,105.31058442427816,103.40451049804688,105.20574977664783,1600086,97.70191864013673
2025-11-16,104.81501007080078,104.8340676110846,103.56652668490592,103.40451214366072,1062513,97.96838790893554
2025-11-17,103.35685729980467,104.8340675233444,102.5467773231615,104.81500998307656,3727280,98.24190948486329
2025-11-18,101.9749526977539,104.35754505050517,101.71763592293848,103.3568533539117,2072562,98.45386489868164
2025-11-19,101.4984359741211,102.7850344125318,101.42219127245804,101.97495445287284,2352179,98.69212417602539
2025-11-20,101.04097747802734,101.96542451253056,101.04097747802734,101.49843842797048,2341851,98.90446090698242
2025-11-23,101.54608917236328,102.68973059538204,101.05050589025228,101.0409734849169,1387926,99.10574234008789
2025-11-24,99.60189819335938,102.3561745219678,99.60189819335938,101.54609453198212,7803328,99.25841903686523
2025-11-25,102.77550506591795,102.9279944737826,100.06888351617752,99.60189742900867,2672993,99.44712036132813
2025-11-26,100.83131408691406,102.92799250732904,100.0688816043477,102.77550310237775,1374758,99.61466430664062
2025-11-27,102.47052764892578,102.6897293423954,100.89802252923587,100.83131023489204,1206466,99.78849807739257
2025-11-30,102.64207458496094,102.9184561675488,101.97495164153833,102.47052764649588,1240765,99.95470748901367
2025-12-01,102.72785186767578,102.92798875104924,101.97495181816912,102.64207476274728,1699213,100.1603727722168
2025-12-02,104.59580993652344,104.805479238268,102.9279951994946,102.72785830358256,2331006,100.42245803833008
2025-12-03,109.5897216796875,111.02880957358656,104.07163662319842,104.59580987726288,4799154,100.78994918823243
2025-12-04,111.3147201538086,112.677563301338,109.62784065798591,109.58971830694584,3211210,101.13399551391602
2025-12-07,110.74288940429688,112.36305656326743,110.45698268525136,111.31471738457756,882445,101.49043121337891
2025-12-08,102.06159973144533,102.1049136453078,100.68402531370656,100.675358168277,2511888,101.63702575683594
2025-12-09,101.68904113769533,102.65074524681695,101.21252265575468,102.06159750332144,1989883,101.76949783325195
2025-12-10,101.03924560546876,102.0615979221838,100.8659681398051,101.68904155502868,1406623,101.8651480102539
2025-12-11,101.18653869628906,101.62839588117556,99.72232189814332,101.03924812059677,2314525,101.94449279785157
2025-12-14,100.93527221679688,101.57640826676275,100.50207493426116,101.18653216669958,1124359,101.99441452026367
2025-12-15,102.3215103149414,103.96767168484055,101.02191841798316,100.93527604974794,12167009,102.0385139465332
2025-12-16,101.80167388916016,103.8810252046426,101.36846933622677,102.32150626470973,2677774,102.08174713134765
2025-12-17,98.92523956298828,103.8810288568977,98.92523956298828,101.80150296202964,4036800,102.05887435913085
2025-12-18,96.28532409667967,100.04982449791156,96.28532409667967,98.92524058035428,7336195,101.96604858398437
2025-12-21,99.3541030883789,99.3541030883789,96.92385593173596,96.2853229135449,13462014,101.96986068725586
2025-12-22,97.0191650390625,100.53586646271404,97.0191650390625,99.35410267306096,3112350,101.92583038330078
2025-12-23,99.06819152832033,99.06819152832033,96.51405212164669,97.01916783063145,2041059,101.91439392089843
2025-12-24,99.95451354980467,100.04982306249244,98.1723390916251,99.06818888791128,1446682,101.89304580688477
2025-12-25,98.16280364990234,99.97357526853696,97.50520584239057,99.95451045815112,900610,101.85015899658202
2025-12-28,98.63932800292967,99.4017604997962,98.17234191592392,98.1628095101619,371565,101.82061477661132
2025-12-29,99.0395965576172,99.10630885223516,97.68628585474109,98.63932278990929,1358308,101.79412033081054
2025-12-30,98.16280364990234,99.11584057854218,97.8768896628725,99.03959587918824,975936,101.77372528076172
2025-12-31,98.16280364990234,99.2111428171872,98.16280364990234,98.16280364990234,1149458,101.7516146850586
2026-01-04,95.7992706298828,99.09678486219988,95.7992706298828,98.16280545567,915458,101.68776107788086
2026-01-05,96.2567367553711,97.10493910152783,93.68353977034876,95.79927579725177,2958489,101.61151824951172
2026-01-06,98.1723403930664,98.1723403930664,95.59913620937908,96.25673404594836,2410554,101.57816192626953
2026-01-08,99.4017562866211,100.62164241302612,98.54402158177544,98.1723377548581,3729539,101.55719512939453
2026-01-11,103.37592315673828,105.07232783044414,102.59443311814024,99.40176066549316,4398040,101.63172271728516
2026-01-12,109.69454956054688,109.69454956054688,102.92798878883326,103.3759173108265,5885292,101.81489639282226
2026-01-13,114.67893981933594,117.03294228781756,112.26775745966692,109.69455328980855,7084743,102.12615829467774
2026-01-14,112.22010040283205,114.84095200459667,109.69455104145804,114.6789374688231,3450837,102.35031265258789
2026-01-15,115.99412536621094,119.89205024089856,112.26775470306325,112.22009994751384,9089980,102.63069610595703
2026-01-18,117.27120208740234,119.12008886518036,116.4801796571015,115.99412876641009,1532903,102.93852706909179
2026-01-19,119.03431701660156,119.51083549363273,117.6047615855081,117.27120010580528,2135370,103.24140213012696
2026-01-20,120.7497787475586,121.03569274121202,118.93901435806993,119.03431659892276,3931543,103.53112533569336
2026-01-21,121.03569793701172,121.51221643282672,119.12962395375168,120.74978393108464,3061142,103.85306121826171
2026-01-22,121.74093627929688,123.22767884515156,121.03569098192293,121.03569098192293,4637700,104.18738647460937
2026-01-25,122.8464584350586,123.70420042512616,121.79812650345148,121.74093934145664,1294336,104.54020065307617
2026-01-26,124.82878112792967,126.45848078265136,122.86552725135545,122.846462439704,3595252,104.96868606567382
2026-01-27,126.61096954345705,127.45917188022374,125.1337593051266,124.82878048902649,4370756,105.40460525512695
2026-01-28,127.70695495605467,128.65999193333866,126.6586084641662,126.61096824905418,5649746,105.89160720825195
2026-02-01,125.3243637084961,127.75461093219396,124.38085185679492,127.70695617443708,3097990,106.3585954284668
2026-02-02,123.2276840209961,126.0867949516819,121.14053071484504,125.32436246172765,4422720,106.7931803894043
2026-02-03,126.75391387939452,127.70695082585614,122.97035603856676,123.2276800859245,13398994,107.30743911743164
2026-02-04,130.08953857421875,130.48981233246133,126.84921888814684,126.753909380008,7906804,107.87830810546875
2026-02-05,130.8043212890625,132.4626108160029,130.18485308890462,130.0895435771004,10151613,108.50235656738282
2026-02-08,129.61302185058594,132.44354268231578,129.61302185058594,130.80431800730088,1031051,109.03910690307617
2026-02-09,129.61302185058594,131.50957056726432,128.6123301705075,129.61302185058594,9376193,109.61474105834961
2026-02-10,130.1848602294922,133.6157847097812,130.1848602294922,129.61303221168205,6741447,110.16902770996094
2026-02-11,127.70695495605467,131.39520340464287,127.70695495605467,130.18485691386914,4153875,110.67032531738282
2026-02-12,131.39520263671875,131.39520263671875,127.70695420968612,127.70695420968612,4759146,111.24367233276367
2026-02-15,136.27476501464844,137.18967238531147,130.68042797087514,131.39520571641395,2717846,111.87725143432617
2026-02-16,133.9493408203125,138.19987730199398,133.66342683842348,136.27475321113232,3050107,112.36444381713868
2026-02-17,135.0358123779297,136.28428849826122,134.09230053006092,133.94935079956124,2232418,112.8388656616211
2026-02-18,134.13043212890625,135.32172837458728,132.93913588322522,135.03581436718574,3318142,113.30661651611328
2026-02-19,131.51910400390625,135.27407205366677,130.67090166846722,134.13043057946217,2948796,113.8957666015625
2026-02-22,128.6599884033203,133.3203385126863,128.18346992775244,131.51909925672743,1816360,114.435185546875
2026-02-23,132.8438262939453,132.8438262939453,128.51704473056515,128.65999446309235,3791578,115.07127716064453
2026-02-24,131.09024047851562,134.16854587490553,131.09024047851562,132.84382504458,3969672,115.66935119628906
2026-02-25,125.8485336303711,131.8621945285764,123.91386976257988,131.09023691678254,4568937,116.16761642456055
2026-02-26,127.23043823242188,127.23043823242188,123.90433390037076,125.84853750462766,8837996,116.66579498291016
2026-03-01,123.89480590820312,124.45709422950704,121.08334975949344,127.23043529803935,4035340,117.10765762329102
2026-03-02,122.22698974609376,124.84784137807624,121.9410757505304,123.8948044209917,4633326,117.57369262695312
2026-03-03,118.08128356933594,121.96967620245104,117.75724721436212,122.22699298840794,9885392,118.00961181640625
2026-03-04,115.7939910888672,118.17658349810314,105.7871029700762,118.0812812559527,6593274,118.33840957641601
2026-03-05,120.08265686035156,121.0547513594631,116.74702750311955,115.79399054391044,6551172,118.7996794128418
2026-03-08,116.18473815917967,119.32022332866792,115.79398951923612,120.08265579772636,2128512,119.14201034545898
2026-03-09,117.22354888916016,117.41415337728984,112.49648632681162,116.18474206799164,3503813,119.4873910522461
2026-03-10,123.41828918457033,123.41828918457033,117.7953695358419,117.2235488007888,3239515,119.99250076293946
2026-03-11,119.41553497314452,123.88528067885323,119.11056343429397,123.41828732944528,5663870,120.40802490234375
2026-03-12,116.2705078125,120.55917408427254,116.2705078125,119.41553265357116,3472894,120.7526431274414
2026-03-15,113.22079467773438,117.08059003448518,112.74427619385686,116.27051006611242,2274851,121.05380294799805
2026-03-16,111.69593048095705,115.5843230812138,111.02880750737648,113.22079545673267,5371688,121.32446548461914
2026-03-17,113.89745330810548,115.31747639474568,112.1724514028145,111.69593290531556,3916325,121.6864291381836
2026-03-18,123.60889434814452,123.60889434814452,115.60338947145634,113.89745239160584,10023147,122.23347229003906
2026-03-19,123.60889434814452,123.60889434814452,123.60889434814452,123.60889434814452,0,122.74220336914063
2026-03-24,118.27188873291016,121.97920203380056,118.27188873291016,123.60889441042298,9107508,123.1196060180664
2026-03-25,120.08265686035156,121.5884570009648,118.462496938134,118.2718851836352,6407219,123.45374069213867
2026-03-26,119.12962341308594,120.46387664953154,119.12962341308594,120.08266040039064,3349485,123.64244216918945
2026-03-29,117.7953643798828,118.82464602058334,117.36650066513832,119.12961755066928,1420501,123.70477066040038
2026-03-30,114.16429901123048,118.8437067325652,113.8879174186037,117.79536752435354,5398338,123.74365463256837
2026-03-31,115.31747436523438,117.74772156814636,114.07852338510374,114.16430049411343,6237239,123.73012161254883
2026-04-01,118.92948150634766,120.36856933243824,117.42368138480096,115.31747060414912,7532387,123.76328720092773
2026-04-02,118.17658233642578,119.1296192907518,116.36581066898736,118.92948240287473,2439362,123.74613250732422
2026-04-05,120.94039154052734,121.03569378219984,118.5101443868562,118.17658290545496,1779714,123.74994476318359
2026-04-06,121.76000213623048,122.46524743966518,120.46387130926703,120.94038978179492,3126653,123.76443084716797
2026-04-07,122.0,123.5,122.0,127.76000213623048,4575396,123.76961212158203
2026-04-08,127.75,128.1699981689453,125.43000030517578,122.0,6673099,123.86768295288086
2026-04-09,129.39999389648438,130.97999572753906,126.4000015258789,127.75,5910781,123.95910720825195
2026-04-14,133.99000549316406,134.0,130.1199951171875,129.39999389648438,4803747,124.1066879272461
2026-04-15,137.5,137.5,134.1999969482422,133.99000549316406,8957607,124.302548828125
2026-04-16,140.0,140.0,138.0,137.5,12285693,124.59606155395508
2026-04-19,142.0,144.0,142.0,140.0,2203231,124.97150787353516
2026-04-20,139.6999969482422,141.27999877929688,137.5,142.0,4313102,125.2304295349121
2026-04-21,139.0,139.97999572753906,138.42999267578125,139.6999969482422,2613833,125.40863876342773
2026-04-22,136.27999877929688,139.5,136.27999877929688,139.0,2736512,125.51815231323242
2026-04-23,138.0,139.10000610351562,136.0,136.27999877929688,2950739,125.68589187622071
2026-04-26,137.60000610351562,138.25,137.10000610351562,138.0,733371,125.84563156127929
2026-04-27,139.0,140.6999969482422,137.6999969482422,137.60000610351562,3217862,126.02193435668946
2026-04-28,137.11000061035156,140.0,137.11000061035156,139.0,3269043,126.20999526977539
2026-04-29,138.0,138.0,136.6999969482422,137.11000061035156,2048125,126.34209121704102
2026-04-30,135.0,138.0,135.0,138.0,3207424,126.31659591674804
2026-05-03,136.0,136.89999389648438,134.89999389648438,135.0,1416856,126.35760910034179
2026-05-04,135.11000061035156,137.74000549316406,135.10000610351562,136.0,1311131,126.35909286499023
2026-05-05,138.1999969482422,138.3000030517578,133.60000610351562,135.11000061035156,3875622,126.44048416137696
2026-05-06,141.60000610351562,143.0,139.0500030517578,138.1999969482422,6697379,126.64210220336913
2026-05-10,143.50999450683594,143.50999450683594,141.75,141.60000610351562,1473499,126.93910232543945
2026-05-11,143.0,144.92999267578125,142.6999969482422,143.50999450683594,5224329,127.14222579956055
2026-05-12,140.00999450683594,144.0,139.25,143.0,9331111,127.32062088012695
2026-05-13,136.4600067138672,139.99000549316406,135.35000610351562,140.00999450683594,7476628,127.53285034179687
2026-05-14,134.50999450683594,136.39999389648438,134.35000610351562,136.4600067138672,4847747,127.67844146728515
